[{"key":"ftpLocation-destination","type":"entityPicker","label":"FIELD_DEFINITION_FTP_DESTINATION_LABEL","description":"FIELD_DEFINITION_FTP_DESTINATION_DESCRIPTION","meta":{"entityType":"ftpLocation"},"isSystem":true,"entities":["fileTransferActivities/a33fbe94-9564-4e06-b659-afce32e815f0"]},{"key":"ftpLocation-source","type":"entityPicker","label":"FIELD_DEFINITION_FTP_SOURCE_LABEL","description":"FIELD_DEFINITION_FTP_SOURCE_DESCRIPTION","meta":{"entityType":"ftpLocation"},"isSystem":true,"entities":["fileTransferActivities/9388ceda-a7f1-4fe1-be33-7b7976e227e3","importActivities/f349baf7-f892-ef11-a5b4-5cba2c6fc8b8","importActivities/03fd8d11-ba97-ef11-a5b4-5cba2c6fc8b8","importActivities/7816d83b-f592-ef11-a5b4-5cba2c6fc8b8","importActivities/99bd2c58-5192-ef11-a5b4-5cba2c6fc8b8","importActivities/8ce02d2d-f692-ef11-a5b4-5cba2c6fc8b8","importActivities/8cd82af0-f292-ef11-a5b4-5cba2c6fc8b8","importActivities/690b69db-5292-ef11-a5b4-5cba2c6fc8b8","importActivities/35069a81-f492-ef11-a5b4-5cba2c6fc8b8"]}]