{"automations/e989bb4a-7c9a-4bdc-bd65-c35dc010f356":[{"identifier":"scriptActivities/21eb584e-31ce-4b2f-94fd-3bc1b01f107d","relationship":"required"},{"identifier":"queryActivities/fb3a3c1a-01b0-4c72-9fac-bcd39e405a23","relationship":"required"},{"identifier":"queryActivities/dfe4c9a1-60c3-47d0-ac3a-d1a7ed3ef456","relationship":"required"},{"identifier":"queryActivities/3b1365cf-865a-48da-8cd9-63e916335dcb","relationship":"required"},{"identifier":"queryActivities/91031a5b-4eed-4bd0-83f4-f3bc2e1f080b","relationship":"required"},{"identifier":"queryActivities/f473997b-9471-4089-8b28-52399b9381c3","relationship":"required"},{"identifier":"queryActivities/4fbdb933-9066-49ea-9e0e-0f7a7e3a9c95","relationship":"required"},{"identifier":"queryActivities/372ed902-8a0c-4c31-8535-49a0c357004a","relationship":"required"},{"identifier":"queryActivities/4fcaeb49-5348-4539-aeb3-7ebf7cc05201","relationship":"required"},{"identifier":"queryActivities/cea573fe-5794-4374-8f74-a0b4126ca69e","relationship":"required"},{"identifier":"queryActivities/a52266c7-f9f3-4674-817d-4bc575c18770","relationship":"required"},{"identifier":"fileTransferActivities/a33fbe94-9564-4e06-b659-afce32e815f0","relationship":"required"},{"identifier":"fileTransferActivities/9388ceda-a7f1-4fe1-be33-7b7976e227e3","relationship":"required"},{"identifier":"importActivities/7816d83b-f592-ef11-a5b4-5cba2c6fc8b8","relationship":"required"},{"identifier":"importActivities/03fd8d11-ba97-ef11-a5b4-5cba2c6fc8b8","relationship":"required"},{"identifier":"importActivities/690b69db-5292-ef11-a5b4-5cba2c6fc8b8","relationship":"required"},{"identifier":"importActivities/99bd2c58-5192-ef11-a5b4-5cba2c6fc8b8","relationship":"required"},{"identifier":"importActivities/8cd82af0-f292-ef11-a5b4-5cba2c6fc8b8","relationship":"required"},{"identifier":"importActivities/f349baf7-f892-ef11-a5b4-5cba2c6fc8b8","relationship":"required"},{"identifier":"importActivities/8ce02d2d-f692-ef11-a5b4-5cba2c6fc8b8","relationship":"required"},{"identifier":"importActivities/35069a81-f492-ef11-a5b4-5cba2c6fc8b8","relationship":"required"},{"identifier":"dataExtractActivities/ab893774-d016-4e66-8ff6-7f25febfe5dc","relationship":"required"},{"identifier":"categories/370151","relationship":"required"}],"queryActivities/372ed902-8a0c-4c31-8535-49a0c357004a":[{"identifier":"dataExtensions/4414eeac-1893-ef11-a5b4-5cba2c6fc8b8","relationship":"required"},{"identifier":"dataExtensions/52dcc5a4-b18c-ef11-a5b4-5cba2c6fc8b8","relationship":"required"},{"identifier":"categories/443952","relationship":"required"}],"queryActivities/4fbdb933-9066-49ea-9e0e-0f7a7e3a9c95":[{"identifier":"dataExtensions/de323cf5-aab1-ef11-a5b4-5cba2c6fc8b8","relationship":"required"},{"identifier":"dataExtensions/09202a3a-2587-ef11-a5b4-5cba2c6fc8b8","relationship":"required"},{"identifier":"categories/443952","relationship":"required"}],"queryActivities/91031a5b-4eed-4bd0-83f4-f3bc2e1f080b":[{"identifier":"dataExtensions/cdc1aaa3-a8b1-ef11-a5b4-5cba2c6fc8b8","relationship":"required"},{"identifier":"dataExtensions/52d4802c-b18c-ef11-a5b4-5cba2c6fc8b8","relationship":"required"},{"identifier":"categories/443952","relationship":"required"}],"queryActivities/4fcaeb49-5348-4539-aeb3-7ebf7cc05201":[{"identifier":"dataExtensions/ebe4ca62-98a7-eb11-b830-48df37deb010","relationship":"required"},{"identifier":"dataExtensions/2e384209-4096-ef11-a5b4-5cba2c6fc8b8","relationship":"required"},{"identifier":"categories/443952","relationship":"required"}],"queryActivities/cea573fe-5794-4374-8f74-a0b4126ca69e":[{"identifier":"dataExtensions/57c035bf-aab1-ef11-a5b4-5cba2c6fc8b8","relationship":"required"},{"identifier":"dataExtensions/3187deeb-0893-ef11-a5b4-5cba2c6fc8b8","relationship":"required"},{"identifier":"categories/443952","relationship":"required"}],"categories/370151":[{"identifier":"categories/358159","relationship":"required"}],"scriptActivities/21eb584e-31ce-4b2f-94fd-3bc1b01f107d":[{"identifier":"categories/358164","relationship":"required"}],"fileTransferActivities/a33fbe94-9564-4e06-b659-afce32e815f0":[],"queryActivities/3b1365cf-865a-48da-8cd9-63e916335dcb":[{"identifier":"dataExtensions/ea632531-abb1-ef11-a5b4-5cba2c6fc8b8","relationship":"required"},{"identifier":"dataExtensions/2e384209-4096-ef11-a5b4-5cba2c6fc8b8","relationship":"required"},{"identifier":"categories/443952","relationship":"required"}],"queryActivities/a52266c7-f9f3-4674-817d-4bc575c18770":[{"identifier":"dataExtensions/ded881dc-089b-ef11-a5b4-5cba2c6fc8b8","relationship":"required"},{"identifier":"categories/443952","relationship":"required"}],"queryActivities/f473997b-9471-4089-8b28-52399b9381c3":[{"identifier":"dataExtensions/57c035bf-aab1-ef11-a5b4-5cba2c6fc8b8","relationship":"required"},{"identifier":"dataExtensions/e82530c8-09a2-ef11-a5b4-5cba2c6fc8b8","relationship":"required"},{"identifier":"categories/445867","relationship":"required"}],"fileTransferActivities/9388ceda-a7f1-4fe1-be33-7b7976e227e3":[],"importActivities/f349baf7-f892-ef11-a5b4-5cba2c6fc8b8":[{"identifier":"dataExtensions/de323cf5-aab1-ef11-a5b4-5cba2c6fc8b8","relationship":"required"}],"importActivities/03fd8d11-ba97-ef11-a5b4-5cba2c6fc8b8":[{"identifier":"dataExtensions/b59186c9-a9b1-ef11-a5b4-5cba2c6fc8b8","relationship":"required"}],"importActivities/7816d83b-f592-ef11-a5b4-5cba2c6fc8b8":[{"identifier":"dataExtensions/ea632531-abb1-ef11-a5b4-5cba2c6fc8b8","relationship":"required"}],"importActivities/99bd2c58-5192-ef11-a5b4-5cba2c6fc8b8":[{"identifier":"dataExtensions/4414eeac-1893-ef11-a5b4-5cba2c6fc8b8","relationship":"required"}],"importActivities/8ce02d2d-f692-ef11-a5b4-5cba2c6fc8b8":[{"identifier":"dataExtensions/c079517d-aab1-ef11-a5b4-5cba2c6fc8b8","relationship":"required"}],"importActivities/8cd82af0-f292-ef11-a5b4-5cba2c6fc8b8":[{"identifier":"dataExtensions/57c035bf-aab1-ef11-a5b4-5cba2c6fc8b8","relationship":"required"}],"queryActivities/dfe4c9a1-60c3-47d0-ac3a-d1a7ed3ef456":[{"identifier":"dataExtensions/57c035bf-aab1-ef11-a5b4-5cba2c6fc8b8","relationship":"required"},{"identifier":"dataExtensions/a23d1e24-3f96-ef11-a5b4-5cba2c6fc8b8","relationship":"required"},{"identifier":"categories/443952","relationship":"required"}],"importActivities/690b69db-5292-ef11-a5b4-5cba2c6fc8b8":[{"identifier":"dataExtensions/cdc1aaa3-a8b1-ef11-a5b4-5cba2c6fc8b8","relationship":"required"}],"queryActivities/fb3a3c1a-01b0-4c72-9fac-bcd39e405a23":[{"identifier":"dataExtensions/80529869-a9b1-ef11-a5b4-5cba2c6fc8b8","relationship":"required"},{"identifier":"dataExtensions/57c035bf-aab1-ef11-a5b4-5cba2c6fc8b8","relationship":"required"},{"identifier":"dataExtensions/c5354f6a-2e92-ef11-a5b4-5cba2c6fc8b8","relationship":"required"},{"identifier":"categories/443952","relationship":"required"}],"importActivities/35069a81-f492-ef11-a5b4-5cba2c6fc8b8":[{"identifier":"dataExtensions/80529869-a9b1-ef11-a5b4-5cba2c6fc8b8","relationship":"required"}],"categories/443952":[{"identifier":"categories/370152","relationship":"required"}],"categories/358164":[],"categories/358159":[],"categories/445867":[{"identifier":"categories/443952","relationship":"required"}],"categories/370152":[{"identifier":"categories/358162","relationship":"required"}],"dataExtractActivities/ab893774-d016-4e66-8ff6-7f25febfe5dc":[],"categories/358162":[],"dataExtensions/ebe4ca62-98a7-eb11-b830-48df37deb010":[{"identifier":"categories/362770","relationship":"required"}],"dataExtensions/52dcc5a4-b18c-ef11-a5b4-5cba2c6fc8b8":[{"identifier":"categories/443551","relationship":"required"}],"dataExtensions/09202a3a-2587-ef11-a5b4-5cba2c6fc8b8":[{"identifier":"categories/443551","relationship":"required"}],"dataExtensions/3187deeb-0893-ef11-a5b4-5cba2c6fc8b8":[{"identifier":"categories/443551","relationship":"required"}],"dataExtensions/2e384209-4096-ef11-a5b4-5cba2c6fc8b8":[{"identifier":"categories/443551","relationship":"required"}],"dataExtensions/52d4802c-b18c-ef11-a5b4-5cba2c6fc8b8":[{"identifier":"categories/443551","relationship":"required"}],"dataExtensions/ded881dc-089b-ef11-a5b4-5cba2c6fc8b8":[{"identifier":"categories/443551","relationship":"required"}],"dataExtensions/a23d1e24-3f96-ef11-a5b4-5cba2c6fc8b8":[{"identifier":"categories/443551","relationship":"required"}],"dataExtensions/c5354f6a-2e92-ef11-a5b4-5cba2c6fc8b8":[{"identifier":"categories/443551","relationship":"required"}],"dataExtensions/e82530c8-09a2-ef11-a5b4-5cba2c6fc8b8":[{"identifier":"categories/444755","relationship":"required"}],"dataExtensions/de323cf5-aab1-ef11-a5b4-5cba2c6fc8b8":[{"identifier":"categories/444513","relationship":"required"}],"dataExtensions/4414eeac-1893-ef11-a5b4-5cba2c6fc8b8":[{"identifier":"categories/444513","relationship":"required"}],"dataExtensions/cdc1aaa3-a8b1-ef11-a5b4-5cba2c6fc8b8":[{"identifier":"categories/444513","relationship":"required"}],"dataExtensions/57c035bf-aab1-ef11-a5b4-5cba2c6fc8b8":[{"identifier":"categories/444513","relationship":"required"}],"dataExtensions/ea632531-abb1-ef11-a5b4-5cba2c6fc8b8":[{"identifier":"categories/444513","relationship":"required"}],"dataExtensions/80529869-a9b1-ef11-a5b4-5cba2c6fc8b8":[{"identifier":"categories/444513","relationship":"required"}],"dataExtensions/c079517d-aab1-ef11-a5b4-5cba2c6fc8b8":[{"identifier":"categories/444513","relationship":"required"}],"dataExtensions/b59186c9-a9b1-ef11-a5b4-5cba2c6fc8b8":[{"identifier":"categories/444513","relationship":"required"}],"categories/362770":[{"identifier":"categories/358143","relationship":"required"}],"categories/443551":[{"identifier":"categories/443544","relationship":"required"}],"categories/444755":[{"identifier":"categories/443544","relationship":"required"}],"categories/444513":[{"identifier":"categories/443544","relationship":"required"}],"categories/358143":[],"categories/443544":[{"identifier":"categories/358143","relationship":"required"}]}