{"issues":[],"originID":"21eb584e-31ce-4b2f-94fd-3bc1b01f107d","originEID":"mcffhzgppqw1sdnkwwqqhv6q4f-m","data":{"name":"DimCampaign","script":"<script runat=\"server\">     \r\nPlatform.Load(\"Core\",\"1\");  \r\n\r\nvar soapAPI = new Script.Util.WSProxy();//soap API \r\nvar config = {\r\n        mc:{\r\n            subdomain:\"mcffhzgppqw1sdnkwwqqhv6q4f-m\",\r\n            clientid:\"kdh01h7ixlkmn95jdmkxq6lc\",\r\n            clientsecret:\"VigwT25VB4g5iggvBJ61aMDD\",\r\n            mid:520001034\r\n        }\r\n    };\r\nvar dataExtensions = {\r\n        dimcampaign: \"C9ECE178-8092-46F0-960B-39B3F54C1191\"\r\n    }\r\nvar token = authMC(config.mc.subdomain,config.mc.mid,config.mc.clientid,config.mc.clientsecret);\r\nvar baseURL = 'https://'+config.mc.subdomain+'.rest.marketingcloudapis.com/hub/v1/campaigns';\r\n\r\ntry {\r\n    var page = 1;\r\n    var pageSize = 50;\r\n    var url = baseURL + '?$page=' + page + '&$pageSize=' + pageSize;\r\n    var request = scriptUtilRequest(url,\"GET\",\"Authorization\", \"Bearer \"+token,\"\");\r\n    var resp = Platform.Function.ParseJSON(request.content + \"\");\r\n\r\n    if(resp.count > pageSize){\r\n        var loops = resp.count / pageSize;\r\n        //you may ask, why start at 1 and not 0? Because we already have the items from page 1 in our first call!\r\n        for(var i = 1; i < loops; i++){\r\n            var nextPage = i + 1;\r\n            var url = baseURL + '?$page=' + nextPage + '&$pageSize=' + pageSize;\r\n            var request = scriptUtilRequest(url,\"GET\",\"Authorization\", \"Bearer \"+token,\"\");\r\n            var resp = Platform.Function.ParseJSON(request.content + \"\");\r\n        }\r\n    }\r\n\r\n    var objectString = '';\r\n    for(var index in resp.items){\r\n        Write(resp.items[index].name+\"\\r\\n\");\r\n        var props = {};\r\n            props.CampaignID = resp.items[index].id;\r\n            props.CampaignName = resp.items[index].name;\r\n            props.CampaignCode = resp.items[index].campaignCode;\r\n            props.CreatedDate = resp.items[index].createdDate;\r\n            props.ModifiedDate = resp.items[index].modifiedDate;\r\n        objectString += Stringify(props)+\",\";\r\n    }\r\n    Write(objectString);\r\n\r\n    var insert = upsertDERowsAsync(config.mc.subdomain,config.mc.mid,token,deJSON(objectString.slice(0,-1)),dataExtensions.dimcampaign);\r\n} catch (e) {\r\n    Write(\"<br>e: \" + Stringify(e));\r\n}\r\n\r\n\r\nfunction deJSON(json){\r\n    var items = '{\"items\":['+json+']}';//json variable is a string of objects, IE '{key:value},{key:value},{key:value}'\r\n    return items;\r\n}\r\n\r\n\r\nfunction upsertDERowsAsync(subdomain,mid,token,payload,deName){\r\n\r\n    var baseURI = 'https://'+subdomain+'.rest.marketingcloudapis.com/';\r\n    var endpoint = 'data/v1/async/dataextensions/key:'+deName+'/rows';\r\n    var url = baseURI+endpoint;\r\n    var contentType = 'application/json';\r\n    var headerNames = [\"Authorization\"];\r\n    var headerValues = [\"Bearer \"+token];    \r\n   \r\n    try {\r\n\r\n        var req = new Script.Util.HttpRequest(url);\r\n\r\n        req.emptyContentHandling = 0;\r\n        req.retries = 2;\r\n        req.continueOnError = false;\r\n        req.contentType = \"application/json\"\r\n        req.setHeader(\"Authorization\", 'Bearer ' + token);\r\n        req.method = \"PUT\";\r\n        req.encoding = \"UTF-8\";\r\n        req.postData = payload;\r\n        //var p = '{ \"items\": [{\"Email\": \"umezawa244@gmail.com\",\"FirstName\": \"毅\",\"LastName\": \"梅澤\",\"beamery_id\": \"ec1f7002-33a0-4e59-9bd6-6e7389f7ffeb\"}]}';\r\n\r\n        var resp = req.send();      // return value will be \"typeof clr\"; Script.Util.HttpResponse\r\n    \r\n        Write(resp.content)\r\n\r\n\r\n     } catch (e) {\r\n        Write(\"<br>e: \" + Stringify(e));\r\n     }\r\n    \r\n}\r\n\r\n\r\nfunction authMC(subdomain,accountid,clientid,clientsecret){\r\n\r\n    var baseURI = 'https://'+subdomain+'.auth.marketingcloudapis.com/';\r\n    var endpoint = 'v2/token';\r\n    var url = baseURI+endpoint;\r\n    var grant = 'client_credentials';\r\n    var contentType = 'application/json';\r\n    var payload = '{\"grant_type\":\"'+grant+'\",\"client_id\":\"'+clientid+'\",\"client_secret\":\"'+clientsecret+'\",\"account_id\":\"'+accountid+'\"}';\r\n    try {\r\n\r\n        var request = scriptUtilRequest(url,\"POST\",\"Accept\", \"application/json\",payload);\r\n        var resp = Platform.Function.ParseJSON(request.content + \"\");\r\n        return resp.access_token; \r\n\r\n    } catch (e) {\r\n        Write(\"<br>e: \" + Stringify(e));\r\n    }\r\n}    \r\nfunction scriptUtilRequest(url,method,headerName,headerValue,postData){\r\n    var req = new Script.Util.HttpRequest(url);\r\n\r\n    req.emptyContentHandling = 0;\r\n    req.retries = 2;\r\n    req.continueOnError = false;\r\n    req.contentType = \"application/json\"\r\n    req.setHeader(headerName,headerValue);\r\n    req.method = method;\r\n    req.encoding = \"UTF-8\";\r\n    if(postData){\r\n        req.postData = postData;\r\n    }\r\n\r\ntry{\r\n    var resp = req.send();\r\n    return resp;\r\n\r\n    }catch(e){\r\n        //res.errors.push({ErrorMsg:e.message,ErrorDescription:e.description,IP_Address:Platform.Request.ClientIP});\r\n        var message = \"Failed at Authentication: \"+e.message;\r\n        Write(message)\r\n        //logFailed({ErrorMsg:message,ErrorDescription:e.description},\"not_applicable\");\r\n    }\r\n    \r\n}\r\nfunction Write(str) {\r\n   Platform.Response.Write(str);\r\n}\r\nfunction Stringify(obj) {\r\n   return Platform.Function.Stringify(obj);\r\n}\r\n</script>","categoryId":"{{mcpm#/entities/categories/358164/data/id}}","description":"Uses Rest API to retrieve campaigns and details and write to a data extension."}}