{"issues":[],"originID":"e989bb4a-7c9a-4bdc-bd65-c35dc010f356","originEID":"mcffhzgppqw1sdnkwwqqhv6q4f-m","data":{"categoryId":"{{mcpm#/entities/categories/370151/data/id}}","description":"","name":"Data Lake Data Extract Last 7 Days","steps":[{"activities":[{"name":"{{mcpm#/entities/dataExtractActivities/ab893774-d016-4e66-8ff6-7f25febfe5dc/data/name}}","activityObjectId":"{{mcpm#/entities/dataExtractActivities/ab893774-d016-4e66-8ff6-7f25febfe5dc/data/id}}","objectTypeId":73,"displayOrder":0,"serializedObject":"<DataExtractActivity xmlns:xsd=\"http://www.w3.org/2001/XMLSchema\" xmlns:xsi=\"http://www.w3.org/2001/XMLSchema-instance\" xmlns=\"http://exacttarget.com/wsdl/partnerAPI\"><PartnerKey xsi:nil=\"true\" /><ObjectID>ab893774-d016-4e66-8ff6-7f25febfe5dc</ObjectID><Name>cfg_tracking-extract-last-7days</Name><Description /></DataExtractActivity>"}],"annotation":"","name":"This data extract activity is set to tracking extract on a rolling 7 day window. It grabs data from the past 7 days."},{"activities":[{"name":"{{mcpm#/entities/fileTransferActivities/a33fbe94-9564-4e06-b659-afce32e815f0/data/name}}","activityObjectId":"{{mcpm#/entities/fileTransferActivities/a33fbe94-9564-4e06-b659-afce32e815f0/data/id}}","objectTypeId":53,"displayOrder":0,"serializedObject":"<FileTransferActivity xmlns:xsd=\"http://www.w3.org/2001/XMLSchema\" xmlns:xsi=\"http://www.w3.org/2001/XMLSchema-instance\" xmlns=\"http://exacttarget.com/wsdl/partnerAPI\"><PartnerKey xsi:nil=\"true\" /><ObjectID>a33fbe94-9564-4e06-b659-afce32e815f0</ObjectID><Name>cfg_tracking-extract-last-7days</Name><Description /></FileTransferActivity>"}],"annotation":"","name":"This step transfers the data retrieved in Step 1 from the internal safehouse to the sFTP site Export folder."},{"activities":[{"name":"{{mcpm#/entities/fileTransferActivities/9388ceda-a7f1-4fe1-be33-7b7976e227e3/data/name}}","activityObjectId":"{{mcpm#/entities/fileTransferActivities/9388ceda-a7f1-4fe1-be33-7b7976e227e3/data/id}}","objectTypeId":53,"displayOrder":0,"serializedObject":"<FileTransferActivity xmlns:xsd=\"http://www.w3.org/2001/XMLSchema\" xmlns:xsi=\"http://www.w3.org/2001/XMLSchema-instance\" xmlns=\"http://exacttarget.com/wsdl/partnerAPI\"><PartnerKey xsi:nil=\"true\" /><ObjectID>9388ceda-a7f1-4fe1-be33-7b7976e227e3</ObjectID><Name>cfg_tracking-extract-last-7days_unzip</Name><Description /></FileTransferActivity>"}],"annotation":"","name":"This step unzips the file in step 2 and puts it as separate CSV files into the import directory on the sFTP site"},{"activities":[{"name":"{{mcpm#/entities/importActivities/7816d83b-f592-ef11-a5b4-5cba2c6fc8b8/data/name}}","activityObjectId":"{{mcpm#/entities/importActivities/7816d83b-f592-ef11-a5b4-5cba2c6fc8b8/data/id}}","objectTypeId":43,"displayOrder":7,"serializedObject":"<ImportDefinition xmlns:xsd=\"http://www.w3.org/2001/XMLSchema\" xmlns:xsi=\"http://www.w3.org/2001/XMLSchema-instance\" xmlns=\"http://exacttarget.com/wsdl/partnerAPI\"><PartnerKey xsi:nil=\"true\" /><ObjectID>7816d83b-f592-ef11-a5b4-5cba2c6fc8b8</ObjectID><Name>cfg_tracking-extract-last-7days_import-unsubs</Name><Description /></ImportDefinition>"},{"name":"{{mcpm#/entities/importActivities/03fd8d11-ba97-ef11-a5b4-5cba2c6fc8b8/data/name}}","activityObjectId":"{{mcpm#/entities/importActivities/03fd8d11-ba97-ef11-a5b4-5cba2c6fc8b8/data/id}}","objectTypeId":43,"displayOrder":3,"serializedObject":"<ImportDefinition xmlns:xsd=\"http://www.w3.org/2001/XMLSchema\" xmlns:xsi=\"http://www.w3.org/2001/XMLSchema-instance\" xmlns=\"http://exacttarget.com/wsdl/partnerAPI\"><PartnerKey xsi:nil=\"true\" /><ObjectID>03fd8d11-ba97-ef11-a5b4-5cba2c6fc8b8</ObjectID><Name>cfg_tracking-extract-last-7days_import-notsent</Name><Description /></ImportDefinition>"},{"name":"{{mcpm#/entities/importActivities/690b69db-5292-ef11-a5b4-5cba2c6fc8b8/data/name}}","activityObjectId":"{{mcpm#/entities/importActivities/690b69db-5292-ef11-a5b4-5cba2c6fc8b8/data/id}}","objectTypeId":43,"displayOrder":4,"serializedObject":"<ImportDefinition xmlns:xsd=\"http://www.w3.org/2001/XMLSchema\" xmlns:xsi=\"http://www.w3.org/2001/XMLSchema-instance\" xmlns=\"http://exacttarget.com/wsdl/partnerAPI\"><PartnerKey xsi:nil=\"true\" /><ObjectID>690b69db-5292-ef11-a5b4-5cba2c6fc8b8</ObjectID><Name>cfg_tracking-extract-last-7days_import-opens</Name><Description /></ImportDefinition>"},{"name":"{{mcpm#/entities/importActivities/99bd2c58-5192-ef11-a5b4-5cba2c6fc8b8/data/name}}","activityObjectId":"{{mcpm#/entities/importActivities/99bd2c58-5192-ef11-a5b4-5cba2c6fc8b8/data/id}}","objectTypeId":43,"displayOrder":1,"serializedObject":"<ImportDefinition xmlns:xsd=\"http://www.w3.org/2001/XMLSchema\" xmlns:xsi=\"http://www.w3.org/2001/XMLSchema-instance\" xmlns=\"http://exacttarget.com/wsdl/partnerAPI\"><PartnerKey xsi:nil=\"true\" /><ObjectID>99bd2c58-5192-ef11-a5b4-5cba2c6fc8b8</ObjectID><Name>cfg_tracking-extract-last-7days_import-clicks</Name><Description /></ImportDefinition>"},{"name":"{{mcpm#/entities/importActivities/8cd82af0-f292-ef11-a5b4-5cba2c6fc8b8/data/name}}","activityObjectId":"{{mcpm#/entities/importActivities/8cd82af0-f292-ef11-a5b4-5cba2c6fc8b8/data/id}}","objectTypeId":43,"displayOrder":6,"serializedObject":"<ImportDefinition xmlns:xsd=\"http://www.w3.org/2001/XMLSchema\" xmlns:xsi=\"http://www.w3.org/2001/XMLSchema-instance\" xmlns=\"http://exacttarget.com/wsdl/partnerAPI\"><PartnerKey xsi:nil=\"true\" /><ObjectID>8cd82af0-f292-ef11-a5b4-5cba2c6fc8b8</ObjectID><Name>cfg_tracking-extract-last-7days_import-sent</Name><Description /></ImportDefinition>"},{"name":"{{mcpm#/entities/importActivities/f349baf7-f892-ef11-a5b4-5cba2c6fc8b8/data/name}}","activityObjectId":"{{mcpm#/entities/importActivities/f349baf7-f892-ef11-a5b4-5cba2c6fc8b8/data/id}}","objectTypeId":43,"displayOrder":5,"serializedObject":"<ImportDefinition xmlns:xsd=\"http://www.w3.org/2001/XMLSchema\" xmlns:xsi=\"http://www.w3.org/2001/XMLSchema-instance\" xmlns=\"http://exacttarget.com/wsdl/partnerAPI\"><PartnerKey xsi:nil=\"true\" /><ObjectID>f349baf7-f892-ef11-a5b4-5cba2c6fc8b8</ObjectID><Name>cfg_tracking-extract-last-7days_import-sendjobs</Name><Description /></ImportDefinition>"},{"name":"{{mcpm#/entities/importActivities/8ce02d2d-f692-ef11-a5b4-5cba2c6fc8b8/data/name}}","activityObjectId":"{{mcpm#/entities/importActivities/8ce02d2d-f692-ef11-a5b4-5cba2c6fc8b8/data/id}}","objectTypeId":43,"displayOrder":2,"serializedObject":"<ImportDefinition xmlns:xsd=\"http://www.w3.org/2001/XMLSchema\" xmlns:xsi=\"http://www.w3.org/2001/XMLSchema-instance\" xmlns=\"http://exacttarget.com/wsdl/partnerAPI\"><PartnerKey xsi:nil=\"true\" /><ObjectID>8ce02d2d-f692-ef11-a5b4-5cba2c6fc8b8</ObjectID><Name>cfg_tracking-extract-last-7days_import-complaints</Name><Description /></ImportDefinition>"},{"name":"{{mcpm#/entities/importActivities/35069a81-f492-ef11-a5b4-5cba2c6fc8b8/data/name}}","activityObjectId":"{{mcpm#/entities/importActivities/35069a81-f492-ef11-a5b4-5cba2c6fc8b8/data/id}}","objectTypeId":43,"displayOrder":0,"serializedObject":"<ImportDefinition xmlns:xsd=\"http://www.w3.org/2001/XMLSchema\" xmlns:xsi=\"http://www.w3.org/2001/XMLSchema-instance\" xmlns=\"http://exacttarget.com/wsdl/partnerAPI\"><PartnerKey xsi:nil=\"true\" /><ObjectID>35069a81-f492-ef11-a5b4-5cba2c6fc8b8</ObjectID><Name>cfg_tracking-extract-last-7days_import-bounces</Name><Description /></ImportDefinition>"}],"annotation":"","name":"This step contains all of the data import activities that import the data from the CSV files in the Import directory. "},{"activities":[{"name":"{{mcpm#/entities/queryActivities/fb3a3c1a-01b0-4c72-9fac-bcd39e405a23/data/name}}","activityObjectId":"{{mcpm#/entities/queryActivities/fb3a3c1a-01b0-4c72-9fac-bcd39e405a23/data/id}}","objectTypeId":300,"displayOrder":5,"serializedObject":"<QueryDefinition xmlns:xsd=\"http://www.w3.org/2001/XMLSchema\" xmlns:xsi=\"http://www.w3.org/2001/XMLSchema-instance\" xmlns=\"http://exacttarget.com/wsdl/partnerAPI\"><PartnerKey xsi:nil=\"true\" /><ObjectID>fb3a3c1a-01b0-4c72-9fac-bcd39e405a23</ObjectID><Name>FactEmailSent</Name><Description /></QueryDefinition>"},{"name":"{{mcpm#/entities/queryActivities/dfe4c9a1-60c3-47d0-ac3a-d1a7ed3ef456/data/name}}","activityObjectId":"{{mcpm#/entities/queryActivities/dfe4c9a1-60c3-47d0-ac3a-d1a7ed3ef456/data/id}}","objectTypeId":300,"displayOrder":1,"serializedObject":"<QueryDefinition xmlns:xsd=\"http://www.w3.org/2001/XMLSchema\" xmlns:xsi=\"http://www.w3.org/2001/XMLSchema-instance\" xmlns=\"http://exacttarget.com/wsdl/partnerAPI\"><PartnerKey xsi:nil=\"true\" /><ObjectID>dfe4c9a1-60c3-47d0-ac3a-d1a7ed3ef456</ObjectID><Name>DimJourney</Name><Description /></QueryDefinition>"},{"name":"{{mcpm#/entities/queryActivities/3b1365cf-865a-48da-8cd9-63e916335dcb/data/name}}","activityObjectId":"{{mcpm#/entities/queryActivities/3b1365cf-865a-48da-8cd9-63e916335dcb/data/id}}","objectTypeId":300,"displayOrder":7,"serializedObject":"<QueryDefinition xmlns:xsd=\"http://www.w3.org/2001/XMLSchema\" xmlns:xsi=\"http://www.w3.org/2001/XMLSchema-instance\" xmlns=\"http://exacttarget.com/wsdl/partnerAPI\"><PartnerKey xsi:nil=\"true\" /><ObjectID>3b1365cf-865a-48da-8cd9-63e916335dcb</ObjectID><Name>FactEmailUnsubscribe</Name><Description /></QueryDefinition>"},{"name":"{{mcpm#/entities/queryActivities/91031a5b-4eed-4bd0-83f4-f3bc2e1f080b/data/name}}","activityObjectId":"{{mcpm#/entities/queryActivities/91031a5b-4eed-4bd0-83f4-f3bc2e1f080b/data/id}}","objectTypeId":300,"displayOrder":6,"serializedObject":"<QueryDefinition xmlns:xsd=\"http://www.w3.org/2001/XMLSchema\" xmlns:xsi=\"http://www.w3.org/2001/XMLSchema-instance\" xmlns=\"http://exacttarget.com/wsdl/partnerAPI\"><PartnerKey xsi:nil=\"true\" /><ObjectID>91031a5b-4eed-4bd0-83f4-f3bc2e1f080b</ObjectID><Name>FactEmailOpen</Name><Description /></QueryDefinition>"},{"name":"{{mcpm#/entities/queryActivities/f473997b-9471-4089-8b28-52399b9381c3/data/name}}","activityObjectId":"{{mcpm#/entities/queryActivities/f473997b-9471-4089-8b28-52399b9381c3/data/id}}","objectTypeId":300,"displayOrder":2,"serializedObject":"<QueryDefinition xmlns:xsd=\"http://www.w3.org/2001/XMLSchema\" xmlns:xsi=\"http://www.w3.org/2001/XMLSchema-instance\" xmlns=\"http://exacttarget.com/wsdl/partnerAPI\"><PartnerKey xsi:nil=\"true\" /><ObjectID>f473997b-9471-4089-8b28-52399b9381c3</ObjectID><Name>DimJourney_try1</Name><Description /></QueryDefinition>"},{"name":"{{mcpm#/entities/queryActivities/4fbdb933-9066-49ea-9e0e-0f7a7e3a9c95/data/name}}","activityObjectId":"{{mcpm#/entities/queryActivities/4fbdb933-9066-49ea-9e0e-0f7a7e3a9c95/data/id}}","objectTypeId":300,"displayOrder":4,"serializedObject":"<QueryDefinition xmlns:xsd=\"http://www.w3.org/2001/XMLSchema\" xmlns:xsi=\"http://www.w3.org/2001/XMLSchema-instance\" xmlns=\"http://exacttarget.com/wsdl/partnerAPI\"><PartnerKey xsi:nil=\"true\" /><ObjectID>4fbdb933-9066-49ea-9e0e-0f7a7e3a9c95</ObjectID><Name>FactSendJob</Name><Description /></QueryDefinition>"},{"name":"{{mcpm#/entities/scriptActivities/21eb584e-31ce-4b2f-94fd-3bc1b01f107d/data/name}}","activityObjectId":"{{mcpm#/entities/scriptActivities/21eb584e-31ce-4b2f-94fd-3bc1b01f107d/data/id}}","objectTypeId":423,"displayOrder":0,"serializedObject":"<SSJSActivity xmlns:xsd=\"http://www.w3.org/2001/XMLSchema\" xmlns:xsi=\"http://www.w3.org/2001/XMLSchema-instance\" xmlns=\"http://exacttarget.com/wsdl/partnerAPI\"><PartnerKey xsi:nil=\"true\" /><ObjectID>21eb584e-31ce-4b2f-94fd-3bc1b01f107d</ObjectID><Name>DimCampaign</Name><Description /><CategoryId>0</CategoryId></SSJSActivity>"},{"name":"{{mcpm#/entities/queryActivities/372ed902-8a0c-4c31-8535-49a0c357004a/data/name}}","activityObjectId":"{{mcpm#/entities/queryActivities/372ed902-8a0c-4c31-8535-49a0c357004a/data/id}}","objectTypeId":300,"displayOrder":3,"serializedObject":"<QueryDefinition xmlns:xsd=\"http://www.w3.org/2001/XMLSchema\" xmlns:xsi=\"http://www.w3.org/2001/XMLSchema-instance\" xmlns=\"http://exacttarget.com/wsdl/partnerAPI\"><PartnerKey xsi:nil=\"true\" /><ObjectID>372ed902-8a0c-4c31-8535-49a0c357004a</ObjectID><Name>FactEmailClick</Name><Description /></QueryDefinition>"}],"annotation":"","name":"This step uses SQL to move or transform data in the Data Extract Targets data extensions (step 4) into the final Fact and Dim data extension tables. "},{"activities":[{"name":"{{mcpm#/entities/queryActivities/4fcaeb49-5348-4539-aeb3-7ebf7cc05201/data/name}}","activityObjectId":"{{mcpm#/entities/queryActivities/4fcaeb49-5348-4539-aeb3-7ebf7cc05201/data/id}}","objectTypeId":300,"displayOrder":0,"serializedObject":"<QueryDefinition xmlns:xsd=\"http://www.w3.org/2001/XMLSchema\" xmlns:xsi=\"http://www.w3.org/2001/XMLSchema-instance\" xmlns=\"http://exacttarget.com/wsdl/partnerAPI\"><PartnerKey xsi:nil=\"true\" /><ObjectID>4fcaeb49-5348-4539-aeb3-7ebf7cc05201</ObjectID><Name>FactEmailUnsubscribe_prefcenter</Name><Description /></QueryDefinition>"},{"name":"{{mcpm#/entities/queryActivities/cea573fe-5794-4374-8f74-a0b4126ca69e/data/name}}","activityObjectId":"{{mcpm#/entities/queryActivities/cea573fe-5794-4374-8f74-a0b4126ca69e/data/id}}","objectTypeId":300,"displayOrder":2,"serializedObject":"<QueryDefinition xmlns:xsd=\"http://www.w3.org/2001/XMLSchema\" xmlns:xsi=\"http://www.w3.org/2001/XMLSchema-instance\" xmlns=\"http://exacttarget.com/wsdl/partnerAPI\"><PartnerKey xsi:nil=\"true\" /><ObjectID>cea573fe-5794-4374-8f74-a0b4126ca69e</ObjectID><Name>DimCampaignJob</Name><Description /></QueryDefinition>"},{"name":"{{mcpm#/entities/queryActivities/a52266c7-f9f3-4674-817d-4bc575c18770/data/name}}","activityObjectId":"{{mcpm#/entities/queryActivities/a52266c7-f9f3-4674-817d-4bc575c18770/data/id}}","objectTypeId":300,"displayOrder":1,"serializedObject":"<QueryDefinition xmlns:xsd=\"http://www.w3.org/2001/XMLSchema\" xmlns:xsi=\"http://www.w3.org/2001/XMLSchema-instance\" xmlns=\"http://exacttarget.com/wsdl/partnerAPI\"><PartnerKey xsi:nil=\"true\" /><ObjectID>a52266c7-f9f3-4674-817d-4bc575c18770</ObjectID><Name>DimSubscribers</Name><Description /></QueryDefinition>"}],"annotation":"","name":"This final step merges data from the preference center unsubscribe reasons data extension into the FactUnsubscribe table and also gets full subscriber list and merges campaigns and jobs"}],"startSource":{"typeId":1,"schedule":{"iCalRecur":"FREQ=DAILY;UNTIL=20790606;INTERVAL=1","startDate":"2024-11-05T04:11:00","timeZoneId":76}}}}