{"issues":[],"originID":"52d4802c-b18c-ef11-a5b4-5cba2c6fc8b8","originEID":"mcffhzgppqw1sdnkwwqqhv6q4f-m","data":{"categoryId":"{{mcpm#/entities/categories/443551/data/id}}","dataRetentionProperties":{"dataRetentionPeriodUnitOfMeasure":3,"dataRetentionPeriodLength":7,"isDeleteAtEndOfRetentionPeriod":false,"isResetRetentionPeriodOnImport":false,"isRowBasedRetention":true,"rowBasedThreshold":2147483647},"description":"","isFieldAdditionAllowed":true,"isFieldModificationAllowed":true,"isObjectDeletable":true,"isSendable":false,"isTestable":false,"name":"FactEmailOpen","fields":[{"description":"","isHidden":false,"isInheritable":false,"isOverridable":false,"isNullable":false,"isPrimaryKey":false,"isReadOnly":false,"isTemplateField":false,"masktype":"None","mustOverride":false,"name":"SendID","ordinal":0,"type":"Number"},{"description":"","isHidden":false,"isInheritable":false,"isOverridable":false,"isNullable":false,"isPrimaryKey":false,"isReadOnly":false,"isTemplateField":false,"masktype":"None","mustOverride":false,"name":"SubscriberID","ordinal":1,"type":"Number"},{"description":"","isHidden":false,"isInheritable":false,"isOverridable":false,"isNullable":false,"isPrimaryKey":false,"isReadOnly":false,"isTemplateField":false,"masktype":"None","mustOverride":false,"name":"ListID","ordinal":2,"type":"Number"},{"description":"","isHidden":false,"isInheritable":false,"isOverridable":false,"isNullable":false,"isPrimaryKey":false,"isReadOnly":false,"isTemplateField":false,"masktype":"None","mustOverride":false,"name":"BatchID","ordinal":3,"type":"Number"},{"description":"","isHidden":false,"isInheritable":false,"isOverridable":false,"isNullable":true,"isPrimaryKey":false,"isReadOnly":false,"isTemplateField":false,"length":36,"masktype":"None","mustOverride":false,"name":"SubscriberKey","ordinal":4,"type":"Text"},{"description":"","isHidden":false,"isInheritable":false,"isOverridable":false,"isNullable":false,"isPrimaryKey":false,"isReadOnly":false,"isTemplateField":false,"masktype":"None","mustOverride":false,"name":"EventDate","ordinal":5,"type":"Date"},{"description":"","isHidden":false,"isInheritable":true,"isOverridable":true,"isNullable":false,"isPrimaryKey":true,"isReadOnly":false,"isTemplateField":false,"length":255,"masktype":"None","mustOverride":false,"name":"PrimaryKey","ordinal":7,"type":"Text"},{"description":"","isHidden":false,"isInheritable":true,"isOverridable":true,"isNullable":true,"isPrimaryKey":false,"isReadOnly":false,"isTemplateField":false,"length":30,"masktype":"None","mustOverride":false,"name":"Browser","ordinal":8,"type":"Text"},{"description":"","isHidden":false,"isInheritable":true,"isOverridable":true,"isNullable":true,"isPrimaryKey":false,"isReadOnly":false,"isTemplateField":false,"length":30,"masktype":"None","mustOverride":false,"name":"EmailClient","ordinal":9,"type":"Text"},{"description":"","isHidden":false,"isInheritable":true,"isOverridable":true,"isNullable":true,"isPrimaryKey":false,"isReadOnly":false,"isTemplateField":false,"length":30,"masktype":"None","mustOverride":false,"name":"OperatingSystem","ordinal":10,"type":"Text"},{"description":"","isHidden":false,"isInheritable":true,"isOverridable":true,"isNullable":true,"isPrimaryKey":false,"isReadOnly":false,"isTemplateField":false,"length":30,"masktype":"None","mustOverride":false,"name":"Device","ordinal":11,"type":"Text"},{"description":"","isHidden":false,"isInheritable":true,"isOverridable":true,"isNullable":true,"isPrimaryKey":false,"isReadOnly":false,"isTemplateField":false,"masktype":"None","mustOverride":false,"name":"Appears","ordinal":12,"type":"Number"}]}}