{"issues":[],"originID":"ded881dc-089b-ef11-a5b4-5cba2c6fc8b8","originEID":"mcffhzgppqw1sdnkwwqqhv6q4f-m","data":{"categoryId":"{{mcpm#/entities/categories/443551/data/id}}","dataRetentionProperties":{"isDeleteAtEndOfRetentionPeriod":false,"isResetRetentionPeriodOnImport":false,"isRowBasedRetention":false,"rowBasedThreshold":1000000000},"description":"","isFieldAdditionAllowed":true,"isFieldModificationAllowed":true,"isObjectDeletable":true,"isSendable":false,"isTestable":false,"name":"DimSubscribers","fields":[{"description":"","isHidden":false,"isInheritable":false,"isOverridable":false,"isNullable":false,"isPrimaryKey":false,"isReadOnly":false,"isTemplateField":false,"length":36,"masktype":"None","mustOverride":false,"name":"SubscriberKey","ordinal":0,"type":"Text"},{"description":"","isHidden":false,"isInheritable":false,"isOverridable":false,"isNullable":false,"isPrimaryKey":true,"isReadOnly":false,"isTemplateField":false,"masktype":"None","mustOverride":false,"name":"SubscriberID","ordinal":1,"type":"Number"},{"description":"","isHidden":false,"isInheritable":true,"isOverridable":true,"isNullable":true,"isPrimaryKey":false,"isReadOnly":false,"isTemplateField":false,"masktype":"None","mustOverride":false,"name":"DateJoined","ordinal":2,"type":"Date"}]}}