{"issues":[],"originID":"e82530c8-09a2-ef11-a5b4-5cba2c6fc8b8","originEID":"mcffhzgppqw1sdnkwwqqhv6q4f-m","data":{"categoryId":"{{mcpm#/entities/categories/444755/data/id}}","dataRetentionProperties":{"isDeleteAtEndOfRetentionPeriod":false,"isResetRetentionPeriodOnImport":false,"isRowBasedRetention":false,"rowBasedThreshold":1000000000},"description":"","isFieldAdditionAllowed":true,"isFieldModificationAllowed":true,"isObjectDeletable":true,"isSendable":false,"isTestable":false,"name":"DimJourney_joined_with_Sent","fields":[{"description":"","isHidden":false,"isInheritable":false,"isOverridable":false,"isNullable":false,"isPrimaryKey":false,"isReadOnly":false,"isTemplateField":false,"length":36,"masktype":"None","mustOverride":false,"name":"JourneyID","ordinal":0,"type":"Text"},{"description":"","isHidden":false,"isInheritable":false,"isOverridable":false,"isNullable":false,"isPrimaryKey":false,"isReadOnly":false,"isTemplateField":false,"length":200,"masktype":"None","mustOverride":false,"name":"JourneyName","ordinal":1,"type":"Text"},{"description":"","isHidden":false,"isInheritable":true,"isOverridable":true,"isNullable":false,"isPrimaryKey":false,"isReadOnly":false,"isTemplateField":false,"masktype":"None","mustOverride":false,"name":"EventDate","ordinal":2,"type":"Date"},{"description":"","isHidden":false,"isInheritable":true,"isOverridable":true,"isNullable":false,"isPrimaryKey":false,"isReadOnly":false,"isTemplateField":false,"length":200,"masktype":"None","mustOverride":false,"name":"ActivityName","ordinal":3,"type":"Text"},{"description":"","isHidden":false,"isInheritable":true,"isOverridable":true,"isNullable":false,"isPrimaryKey":false,"isReadOnly":false,"isTemplateField":false,"length":100,"masktype":"None","mustOverride":false,"name":"EmailName","ordinal":4,"type":"Text"},{"description":"","isHidden":false,"isInheritable":true,"isOverridable":true,"isNullable":false,"isPrimaryKey":false,"isReadOnly":false,"isTemplateField":false,"masktype":"None","mustOverride":false,"name":"JobID","ordinal":5,"type":"Number"},{"description":"","isHidden":false,"isInheritable":true,"isOverridable":true,"isNullable":false,"isPrimaryKey":false,"isReadOnly":false,"isTemplateField":false,"masktype":"None","mustOverride":false,"name":"TriggeredSendExternalKey","ordinal":6,"type":"Number"},{"description":"","isHidden":false,"isInheritable":true,"isOverridable":true,"isNullable":false,"isPrimaryKey":false,"isReadOnly":false,"isTemplateField":false,"masktype":"None","mustOverride":false,"name":"BatchID","ordinal":7,"type":"Number"}]}}