{"issues":[{"type":"UNSUPPORTED_FUNCTIONALITY","level":"INFO","sourceJobType":"PACKAGE","functionality":"IMPORT_ACTIVITY_EMAIL_NOTIFICATION"}],"originID":"7816d83b-f592-ef11-a5b4-5cba2c6fc8b8","originEID":"mcffhzgppqw1sdnkwwqqhv6q4f-m","data":{"allowErrors":true,"dateFormatLocale":"en-US","deleteFile":false,"description":"Used to import the Unsubs csv file from the Import directory","destinationObjectId":"{{mcpm#/entities/dataExtensions/ea632531-abb1-ef11-a5b4-5cba2c6fc8b8/data/id}}","destinationId":0,"destinationObjectTypeId":310,"encodingName":"utf-8","fieldMappings":[],"fieldMappingType":"InferFromColumnHeadings","fileNamingPattern":"Unsubs.csv","fileTransferLocationId":"{{mcpm:ftpLocation-source}}","fileTransferLocationTypeId":0,"fileType":"CSV","filter":"","hasColumnHeader":true,"isOrderedImport":true,"isSequential":true,"maxFileAgeHours":0,"maxImportFrequencyHours":0,"maxFileAgeScheduleOffsetHours":0,"name":"cfg_tracking-extract-last-7days_import-unsubs","sendEmailNotification":false,"standardQuotedStrings":true,"subscriberImportTypeId":255,"updateTypeId":4}}