{"issues":[],"originID":"ab893774-d016-4e66-8ff6-7f25febfe5dc","originEID":"mcffhzgppqw1sdnkwwqqhv6q4f-m","data":{"dataExtractTypeId":"{{mcpm#/custom/DATA_EXTRACT_ACTIVITY_TYPE}}","dataExtractTypeName":"Tracking Extract","dataFields":[{"name":"AccountIDs","type":"string","value":""},{"name":"Attributes","type":"string","value":""},{"name":"CharacterEncoding","type":"dropdown","value":"UTF-8"},{"name":"ColumnDelimiter","type":"dropdown","value":"Default"},{"name":"EmailSendDefinitionExternalKey","type":"string","value":""},{"name":"ExtractAttributes","type":"bool","value":"False"},{"name":"ExtractBounces","type":"bool","value":"True"},{"name":"ExtractClickImpressions","type":"bool","value":"True"},{"name":"ExtractClicks","type":"bool","value":"True"},{"name":"ExtractConversions","type":"bool","value":"False"},{"name":"extractListMembershipChanges","type":"bool","value":"False"},{"name":"extractLists","type":"bool","value":"False"},{"name":"ExtractMultipleDataExtensionListData","type":"bool","value":"False"},{"name":"ExtractNotSent","type":"bool","value":"True"},{"name":"ExtractOpens","type":"bool","value":"True"},{"name":"ExtractSendImpressions","type":"bool","value":"False"},{"name":"ExtractSendJobImpressions","type":"bool","value":"True"},{"name":"ExtractSendJobs","type":"bool","value":"True"},{"name":"ExtractSent","type":"bool","value":"True"},{"name":"ExtractSpamComplaints","type":"bool","value":"True"},{"name":"extractStatusChanges","type":"bool","value":"False"},{"name":"ExtractSubscribers","type":"bool","value":"False"},{"name":"ExtractSurveyResponses","type":"bool","value":"False"},{"name":"ExtractUnsubs","type":"bool","value":"True"},{"name":"Format","type":"dropdown","value":"csv"},{"name":"IncludeAllListMembers","type":"bool","value":"False"},{"name":"IncludeAllSubscribers","type":"bool","value":"False"},{"name":"IncludeCampaignID","type":"bool","value":"True"},{"name":"IncludeGEO","type":"bool","value":"True"},{"name":"IncludeInferredOpens","type":"bool","value":"True"},{"name":"IncludeMilliseconds","type":"bool","value":"False"},{"name":"IncludeTestSends","type":"bool","value":"True"},{"name":"IncludeUniqueClicks","type":"bool","value":"True"},{"name":"IncludeUniqueForURLClicks","type":"bool","value":"True"},{"name":"IncludeUniqueOpens","type":"bool","value":"True"},{"name":"IncludeUnsubReason","type":"bool","value":"True"},{"name":"IncludeUserAgentInformation","type":"bool","value":"True"},{"name":"QuoteText","type":"bool","value":"True"},{"name":"SendIDs","type":"string","value":""},{"name":"TextQualifier","type":"string","value":""},{"name":"Timezone","type":"integer","value":"1"},{"name":"UnicodeOutput","type":"bool","value":"False"},{"name":"UseLocalTZinQuery","type":"bool","value":"False"}],"description":"AB893774-D016-4E66-8FF6-7F25FEBFE5DC","fileSpec":"cfg_tracking-extract-last-7days.zip","intervalType":2,"name":"cfg_tracking-extract-last-7days"}}