{"automations/bff87edb-e1bc-40f6-a76d-3495f02b504f":[{"identifier":"queryActivities/10dd428a-1765-4f35-8e5c-b385ca7ce7b0","relationship":"required"},{"identifier":"queryActivities/9032d2a5-2e1a-45ff-a08d-a4e39d708f13","relationship":"required"},{"identifier":"queryActivities/5e2724dd-6024-44f0-a45d-6af5768d908b","relationship":"required"},{"identifier":"queryActivities/08b6d025-9e8a-4da5-ba91-7254596ba9db","relationship":"required"},{"identifier":"queryActivities/780156e8-8c94-42c7-9677-5588e7e99a46","relationship":"required"},{"identifier":"categories/443732","relationship":"required"}],"queryActivities/780156e8-8c94-42c7-9677-5588e7e99a46":[{"identifier":"dataExtensions/e02c14ae-5587-ef11-a5b4-5cba2c6fc8b8","relationship":"required"},{"identifier":"categories/443925","relationship":"required"}],"categories/443732":[{"identifier":"categories/371062","relationship":"required"}],"queryActivities/9032d2a5-2e1a-45ff-a08d-a4e39d708f13":[{"identifier":"dataExtensions/e12c14ae-5587-ef11-a5b4-5cba2c6fc8b8","relationship":"required"},{"identifier":"categories/443925","relationship":"required"}],"queryActivities/10dd428a-1765-4f35-8e5c-b385ca7ce7b0":[{"identifier":"dataExtensions/e22c14ae-5587-ef11-a5b4-5cba2c6fc8b8","relationship":"required"},{"identifier":"categories/443925","relationship":"required"}],"queryActivities/08b6d025-9e8a-4da5-ba91-7254596ba9db":[{"identifier":"dataExtensions/e72c14ae-5587-ef11-a5b4-5cba2c6fc8b8","relationship":"required"},{"identifier":"categories/443925","relationship":"required"}],"queryActivities/5e2724dd-6024-44f0-a45d-6af5768d908b":[{"identifier":"dataExtensions/e32c14ae-5587-ef11-a5b4-5cba2c6fc8b8","relationship":"required"},{"identifier":"categories/443925","relationship":"required"}],"categories/443925":[{"identifier":"categories/370152","relationship":"required"}],"categories/371062":[{"identifier":"categories/358159","relationship":"required"}],"categories/370152":[{"identifier":"categories/358162","relationship":"required"}],"categories/358159":[],"categories/358162":[],"dataExtensions/e02c14ae-5587-ef11-a5b4-5cba2c6fc8b8":[{"identifier":"categories/443549","relationship":"required"}],"dataExtensions/e22c14ae-5587-ef11-a5b4-5cba2c6fc8b8":[{"identifier":"categories/443549","relationship":"required"}],"dataExtensions/e12c14ae-5587-ef11-a5b4-5cba2c6fc8b8":[{"identifier":"categories/443549","relationship":"required"}],"categories/443549":[{"identifier":"categories/443544","relationship":"required"}],"categories/443544":[{"identifier":"categories/358143","relationship":"required"}],"categories/358143":[],"dataExtensions/e72c14ae-5587-ef11-a5b4-5cba2c6fc8b8":[{"identifier":"categories/443549","relationship":"required"}],"dataExtensions/e32c14ae-5587-ef11-a5b4-5cba2c6fc8b8":[{"identifier":"categories/443549","relationship":"required"}]}