{"issues":[],"originID":"372ed902-8a0c-4c31-8535-49a0c357004a","originEID":"mcffhzgppqw1sdnkwwqqhv6q4f-m","data":{"name":"FactEmailClick","categoryId":"{{mcpm#/entities/categories/443952/data/id}}","description":"This query pulls data from the _Click data view into a data extension.","isFrozen":false,"queryText":"\nSELECT\n    SendID\n,   ListID\n,   BatchID\n,   SubscriberID\n,   SubscriberKey\n,   EventDate\n,   Alias\n,   URL\n,   Browser\n,   EmailClient\n,   OperatingSystem\n,   Device\n,   URLID\n,   SendURLID\n,   PrimaryKey\n,   COUNT(PrimaryKey) as Appears\nFROM (\n    SELECT\n        SendID\n    ,   ListID\n    ,   BatchID\n    ,   SubscriberID\n    ,   SubscriberKey\n    ,   EventDate\n    ,   Alias\n    ,   URL\n    ,   Browser\n    ,   EmailClient\n    ,   OperatingSystem\n    ,   Device\n    ,   URLID\n    ,   SendURLID\n    ,   CONCAT(SendID,'-',ListID,'-',BatchID,'-',SubscriberID,'-',CONVERT(varchar,EventDate,121),'-',IpAddress,'-',REPLACE(Browser,' ',''),REPLACE(EmailClient,' ',''),REPLACE(OperatingSystem,' ',''),REPLACE(Device,' ',''),'-',IsUnique,'-',IsUniqueForURL,'-',SendURLID,'-',URLID) as PrimaryKey    \n    FROM {{mcpm#/entities/dataExtensions/4414eeac-1893-ef11-a5b4-5cba2c6fc8b8/data/namePrefix}}[{{mcpm#/entities/dataExtensions/4414eeac-1893-ef11-a5b4-5cba2c6fc8b8/data/name}}]\n) tmptable\nGROUP BY SendID,ListID,BatchID,SubscriberID,SubscriberKey,EventDate,Alias,URL,Browser,EmailClient,OperatingSystem,Device,URLID,SendURLID,PrimaryKey","targetId":"{{mcpm#/entities/dataExtensions/52dcc5a4-b18c-ef11-a5b4-5cba2c6fc8b8/data/id}}","targetUpdateTypeId":1,"targetUpdateTypeName":"Update"}}