{"issues":[],"originID":"3b1365cf-865a-48da-8cd9-63e916335dcb","originEID":"mcffhzgppqw1sdnkwwqqhv6q4f-m","data":{"name":"FactEmailUnsubscribe","categoryId":"{{mcpm#/entities/categories/443952/data/id}}","description":"This query pulls data from the Unsubs_Data_Extract data extension into the data lake table FactEmailUnsubscribe","isFrozen":false,"queryText":"SELECT\n    SendID\n,   ListID\n,   BatchID\n,   SubscriberID\n,   SubscriberKey\n,   EventDate\n,   UnsubscribeReason\n,   PrimaryKey\n,   COUNT(PrimaryKey) as Appears\nFROM (\n    SELECT\n        SendID\n    ,   ListID\n    ,   BatchID\n    ,   SubscriberID\n    ,   SubscriberKey\n    ,   EventDate\n    ,   UnsubReason as UnsubscribeReason\n    ,   CONCAT(SendID,'-',ListID,'-',BatchID,'-',SubscriberID,'-',CONVERT(varchar,EventDate,121)) as PrimaryKey    \n    FROM {{mcpm#/entities/dataExtensions/ea632531-abb1-ef11-a5b4-5cba2c6fc8b8/data/namePrefix}}[{{mcpm#/entities/dataExtensions/ea632531-abb1-ef11-a5b4-5cba2c6fc8b8/data/name}}]\n) tmptable\nGROUP BY SendID,ListID,BatchID,SubscriberID,SubscriberKey,EventDate,PrimaryKey,UnsubscribeReason","targetId":"{{mcpm#/entities/dataExtensions/2e384209-4096-ef11-a5b4-5cba2c6fc8b8/data/id}}","targetUpdateTypeId":1,"targetUpdateTypeName":"Update"}}