{"issues":[],"originID":"4fbdb933-9066-49ea-9e0e-0f7a7e3a9c95","originEID":"mcffhzgppqw1sdnkwwqqhv6q4f-m","data":{"name":"FactSendJob","categoryId":"{{mcpm#/entities/categories/443952/data/id}}","description":"","isFrozen":false,"queryText":"SELECT\n    j.SendID\n,   j.FromName\n,   j.FromEmail\n,   j.SchedTime\n,   j.SentTime\n,   j.Subject\n,   j.EmailName\n,   CASE WHEN CHARINDEX('-AB',j.EmailName) > 0 THEN\n    1 \n    END as ABTest\nFROM {{mcpm#/entities/dataExtensions/de323cf5-aab1-ef11-a5b4-5cba2c6fc8b8/data/namePrefix}}[{{mcpm#/entities/dataExtensions/de323cf5-aab1-ef11-a5b4-5cba2c6fc8b8/data/name}}] j","targetId":"{{mcpm#/entities/dataExtensions/09202a3a-2587-ef11-a5b4-5cba2c6fc8b8/data/id}}","targetUpdateTypeId":1,"targetUpdateTypeName":"Update"}}