{"issues":[],"originID":"4fcaeb49-5348-4539-aeb3-7ebf7cc05201","originEID":"mcffhzgppqw1sdnkwwqqhv6q4f-m","data":{"name":"FactEmailUnsubscribe_prefcenter","categoryId":"{{mcpm#/entities/categories/443952/data/id}}","description":"This query pulls data from the UnsubscribeReasons data extension into the data lake table FactEmailUnsubscribe","isFrozen":false,"queryText":"SELECT\n    SendID\n,   ListID\n,   BatchID\n,   SubscriberKey\n,   EventDate\n,   UnsubscribeReason\n,   PrimaryKey\n,   COUNT(PrimaryKey) as Appears\nFROM (\n    SELECT\n        JobID as SendID\n    ,   ListID\n    ,   BatchID\n    ,   SubscriberKey\n    ,   UnsubscribeDate as EventDate\n    ,   UnsubscribeReason\n    ,   CONCAT(JobID,'-',ListID,'-',BatchID,'-',SubscriberKey,'-',CONVERT(varchar,UnsubscribeDate,121)) as PrimaryKey\n    FROM {{mcpm#/entities/dataExtensions/ebe4ca62-98a7-eb11-b830-48df37deb010/data/namePrefix}}[{{mcpm#/entities/dataExtensions/ebe4ca62-98a7-eb11-b830-48df37deb010/data/name}}]\n    WHERE UnsubscribeDate > DATEADD(DAY, -7,GETDATE())\n        AND JobID IS NOT NULL\n) unsubreasons\nGROUP BY SubscriberKey,EventDate,PrimaryKey,UnsubscribeReason,SendID,ListID,BatchID\n/*\nSELECT\n    SubscriberKey\n,   EventDate\n,   UnsubscribeReason\n,   PrimaryKey\n,   COUNT(PrimaryKey) as Appears\nFROM (\n    SELECT\n        SubscriberKey\n    ,   UnsubscribeDate as EventDate\n    ,   UnsubscribeReason\n    ,   CONCAT(SubscriberKey,'-',CONVERT(varchar,UnsubscribeDate,121)) as PrimaryKey    \n    FROM UnsubscribeReasons\n    WHERE UnsubscribeDate > DATEADD(DAY, -7,GETDATE())\n) unsubreasons\nGROUP BY SubscriberKey,EventDate,PrimaryKey,UnsubscribeReason\n*/","targetId":"{{mcpm#/entities/dataExtensions/2e384209-4096-ef11-a5b4-5cba2c6fc8b8/data/id}}","targetUpdateTypeId":1,"targetUpdateTypeName":"Update"}}