{"issues":[],"originID":"91031a5b-4eed-4bd0-83f4-f3bc2e1f080b","originEID":"mcffhzgppqw1sdnkwwqqhv6q4f-m","data":{"name":"FactEmailOpen","categoryId":"{{mcpm#/entities/categories/443952/data/id}}","description":"This query pulls data from the Open_Data_Extract data extension into the data lake table FactEmailOpen","isFrozen":false,"queryText":"\r\nSELECT\r\n    SendID\r\n,   ListID\r\n,   BatchID\r\n,   SubscriberID\r\n,   SubscriberKey\r\n,   EventDate\r\n,   Browser\r\n,   EmailClient\r\n,   OperatingSystem\r\n,   Device\r\n,   PrimaryKey\r\n,   COUNT(PrimaryKey) as Appears\r\nFROM (\r\n    SELECT\r\n        SendID\r\n    ,   ListID\r\n    ,   BatchID\r\n    ,   SubscriberID\r\n    ,   SubscriberKey\r\n    ,   EventDate\r\n    ,   Browser\r\n    ,   EmailClient\r\n    ,   OperatingSystem\r\n    ,   Device\r\n    ,   CONCAT(SendID,'-',ListID,'-',BatchID,'-',SubscriberID,'-',CONVERT(varchar,EventDate,121),'-',IpAddress,'-',REPLACE(Browser,' ',''),REPLACE(EmailClient,' ',''),REPLACE(OperatingSystem,' ',''),REPLACE(Device,' ',''),'-',IsUnique) as PrimaryKey    \r\n    FROM {{mcpm#/entities/dataExtensions/cdc1aaa3-a8b1-ef11-a5b4-5cba2c6fc8b8/data/namePrefix}}[{{mcpm#/entities/dataExtensions/cdc1aaa3-a8b1-ef11-a5b4-5cba2c6fc8b8/data/name}}]\r\n) tmptable\r\nGROUP BY SendID,ListID,BatchID,SubscriberID,SubscriberKey,EventDate,Browser,EmailClient,OperatingSystem,Device,PrimaryKey","targetId":"{{mcpm#/entities/dataExtensions/52d4802c-b18c-ef11-a5b4-5cba2c6fc8b8/data/id}}","targetUpdateTypeId":1,"targetUpdateTypeName":"Update"}}