{"issues":[],"originID":"cea573fe-5794-4374-8f74-a0b4126ca69e","originEID":"mcffhzgppqw1sdnkwwqqhv6q4f-m","data":{"name":"DimCampaignJob","categoryId":"{{mcpm#/entities/categories/443952/data/id}}","description":"","isFrozen":false,"queryText":"SELECT DISTINCT\n    SendID\n,   CampaignID\n,   CONCAT(SendID,CampaignID) as PrimaryKey\nFROM {{mcpm#/entities/dataExtensions/57c035bf-aab1-ef11-a5b4-5cba2c6fc8b8/data/namePrefix}}[{{mcpm#/entities/dataExtensions/57c035bf-aab1-ef11-a5b4-5cba2c6fc8b8/data/name}}]\nWHERE CampaignID IS NOT NULL","targetId":"{{mcpm#/entities/dataExtensions/3187deeb-0893-ef11-a5b4-5cba2c6fc8b8/data/id}}","targetUpdateTypeId":1,"targetUpdateTypeName":"Update"}}