{"issues":[],"originID":"dfe4c9a1-60c3-47d0-ac3a-d1a7ed3ef456","originEID":"mcffhzgppqw1sdnkwwqqhv6q4f-m","data":{"name":"DimJourney","categoryId":"{{mcpm#/entities/categories/443952/data/id}}","description":"","isFrozen":false,"queryText":"SELECT \n    JourneyName\n,   JourneyID\n,   JobID as SendID\n,   CONCAT(JourneyID,JobID) as PrimaryKey\nFROM (\n    SELECT\n        j.JourneyName\n    ,   j.JourneyID\n    ,   j.VersionNumber\n    ,   j.VersionID\n    ,   j.LastPublishedDate\n    ,   j.CreatedDate\n    ,   j.ModifiedDate\n    ,   j.JourneyStatus\n    ,   s.EventDate\n    ,\tja.ActivityName\n    ,   job.EmailName\n    ,\tja.ActivityExternalKey\n    ,\tja.JourneyActivityObjectID\n    ,\tja.ActivityType\n    ,\ts.JobID\n    ,   s.BatchID\n    ,\ts.TriggeredSendCustomerKey as TriggeredSendExternalKey\n    FROM   [_sent] AS s\n        INNER JOIN [_JourneyActivity] AS ja\n                ON s.TriggererSendDefinitionObjectID = ja.JourneyActivityObjectID\n        INNER JOIN [_Journey] AS j\n                ON ja.versionid = j.versionid\n        INNER JOIN {{mcpm#/entities/dataExtensions/57c035bf-aab1-ef11-a5b4-5cba2c6fc8b8/data/namePrefix}}[{{mcpm#/entities/dataExtensions/57c035bf-aab1-ef11-a5b4-5cba2c6fc8b8/data/name}}] AS sde\n                ON s.SubscriberID = sde.SubscriberID\n                AND s.BatchID = sde.BatchID\n                AND s.ListID = sde.ListID\n                AND s.JobID = sde.SendID\n        INNER JOIN _Job job\n                ON s.JobID = job.JobID\n) jb\nGROUP BY JourneyName,JourneyID,JobID","targetId":"{{mcpm#/entities/dataExtensions/a23d1e24-3f96-ef11-a5b4-5cba2c6fc8b8/data/id}}","targetUpdateTypeId":1,"targetUpdateTypeName":"Update"}}