{"issues":[],"originID":"f473997b-9471-4089-8b28-52399b9381c3","originEID":"mcffhzgppqw1sdnkwwqqhv6q4f-m","data":{"name":"DimJourney_try1","categoryId":"{{mcpm#/entities/categories/445867/data/id}}","description":"This was the first attempt to get Journey data for the data lake, but it needed to be grouped. Keeping this just in case. ","isFrozen":false,"queryText":"SELECT\n\tj.JourneyName\n,   j.JourneyID\n,   j.VersionNumber\n,   j.VersionID\n,   j.LastPublishedDate\n,   j.CreatedDate\n,   j.ModifiedDate\n,   j.JourneyStatus\n,   s.EventDate\n,\tja.ActivityName\n,   job.EmailName\n,\tja.ActivityExternalKey\n,\tja.JourneyActivityObjectID\n,\tja.ActivityType\n,\ts.JobID\n,   s.BatchID\n,\ts.TriggeredSendCustomerKey as TriggeredSendExternalKey\nFROM   [_sent] AS s\n       INNER JOIN [_JourneyActivity] AS ja\n               ON s.TriggererSendDefinitionObjectID = ja.JourneyActivityObjectID\n       INNER JOIN [_Journey] AS j\n               ON ja.versionid = j.versionid\n       INNER JOIN {{mcpm#/entities/dataExtensions/57c035bf-aab1-ef11-a5b4-5cba2c6fc8b8/data/namePrefix}}[{{mcpm#/entities/dataExtensions/57c035bf-aab1-ef11-a5b4-5cba2c6fc8b8/data/name}}] AS sde\n               ON s.SubscriberID = sde.SubscriberID\n               AND s.BatchID = sde.BatchID\n               AND s.ListID = sde.ListID\n               AND s.JobID = sde.SendID\n       INNER JOIN _Job job\n               ON s.JobID = job.JobID","targetId":"{{mcpm#/entities/dataExtensions/e82530c8-09a2-ef11-a5b4-5cba2c6fc8b8/data/id}}","targetUpdateTypeId":0,"targetUpdateTypeName":"Overwrite"}}