{"issues":[],"originID":"fb3a3c1a-01b0-4c72-9fac-bcd39e405a23","originEID":"mcffhzgppqw1sdnkwwqqhv6q4f-m","data":{"name":"FactEmailSent","categoryId":"{{mcpm#/entities/categories/443952/data/id}}","description":"","isFrozen":false,"queryText":"SELECT\n    s.SendID\n,   s.ListID\n,   s.BatchID\n,   s.SubscriberID\n,   s.SubscriberKey\n,   s.EventDate\n,   s.TriggeredSendExternalKey\n,   CONCAT(SendID,ListID,BatchID,SubscriberID) as PrimaryKey\n,   CASE\n        WHEN EXISTS (SELECT SubscriberID FROM {{mcpm#/entities/dataExtensions/80529869-a9b1-ef11-a5b4-5cba2c6fc8b8/data/namePrefix}}[{{mcpm#/entities/dataExtensions/80529869-a9b1-ef11-a5b4-5cba2c6fc8b8/data/name}}] b WHERE b.SubscriberID = s.SubscriberID AND b.SendID = s.SendID AND b.ListID = s.ListID)\n        THEN 1 END as Bounced\nFROM {{mcpm#/entities/dataExtensions/57c035bf-aab1-ef11-a5b4-5cba2c6fc8b8/data/namePrefix}}[{{mcpm#/entities/dataExtensions/57c035bf-aab1-ef11-a5b4-5cba2c6fc8b8/data/name}}] s","targetId":"{{mcpm#/entities/dataExtensions/c5354f6a-2e92-ef11-a5b4-5cba2c6fc8b8/data/id}}","targetUpdateTypeId":1,"targetUpdateTypeName":"Update"}}