{"issues":[],"originID":"e32c14ae-5587-ef11-a5b4-5cba2c6fc8b8","originEID":"mcffhzgppqw1sdnkwwqqhv6q4f-m","data":{"categoryId":"{{mcpm#/entities/categories/443549/data/id}}","dataRetentionProperties":{"isDeleteAtEndOfRetentionPeriod":false,"isResetRetentionPeriodOnImport":false,"isRowBasedRetention":false,"rowBasedThreshold":1000000000},"description":"","isFieldAdditionAllowed":true,"isFieldModificationAllowed":true,"isObjectDeletable":true,"isSendable":false,"isTestable":false,"name":"Click_Data_View","fields":[{"description":"","isHidden":false,"isInheritable":true,"isOverridable":true,"isNullable":false,"isPrimaryKey":true,"isReadOnly":false,"isTemplateField":false,"masktype":"None","mustOverride":false,"name":"JobID","ordinal":0,"type":"Number"},{"description":"","isHidden":false,"isInheritable":true,"isOverridable":true,"isNullable":true,"isPrimaryKey":false,"isReadOnly":false,"isTemplateField":false,"masktype":"None","mustOverride":false,"name":"OYBAccountID","ordinal":1,"type":"Number"},{"description":"","isHidden":false,"isInheritable":true,"isOverridable":true,"isNullable":true,"isPrimaryKey":false,"isReadOnly":false,"isTemplateField":false,"masktype":"None","mustOverride":false,"name":"AccountID","ordinal":2,"type":"Number"},{"description":"","isHidden":false,"isInheritable":true,"isOverridable":true,"isNullable":false,"isPrimaryKey":true,"isReadOnly":false,"isTemplateField":false,"masktype":"None","mustOverride":false,"name":"ListID","ordinal":3,"type":"Number"},{"description":"","isHidden":false,"isInheritable":true,"isOverridable":true,"isNullable":false,"isPrimaryKey":true,"isReadOnly":false,"isTemplateField":false,"masktype":"None","mustOverride":false,"name":"BatchID","ordinal":4,"type":"Number"},{"description":"","isHidden":false,"isInheritable":true,"isOverridable":true,"isNullable":false,"isPrimaryKey":true,"isReadOnly":false,"isTemplateField":false,"masktype":"None","mustOverride":false,"name":"SubscriberID","ordinal":5,"type":"Number"},{"description":"","isHidden":false,"isInheritable":true,"isOverridable":true,"isNullable":false,"isPrimaryKey":true,"isReadOnly":false,"isTemplateField":false,"length":254,"masktype":"None","mustOverride":false,"name":"SubscriberKey","ordinal":6,"type":"Text"},{"description":"","isHidden":false,"isInheritable":true,"isOverridable":true,"isNullable":false,"isPrimaryKey":true,"isReadOnly":false,"isTemplateField":false,"masktype":"None","mustOverride":false,"name":"EventDate","ordinal":7,"type":"Date"},{"description":"","isHidden":false,"isInheritable":true,"isOverridable":true,"isNullable":true,"isPrimaryKey":false,"isReadOnly":false,"isTemplateField":false,"length":128,"masktype":"None","mustOverride":false,"name":"Domain","ordinal":8,"type":"Text"},{"description":"","isHidden":false,"isInheritable":true,"isOverridable":true,"isNullable":false,"isPrimaryKey":true,"isReadOnly":false,"isTemplateField":false,"length":900,"masktype":"None","mustOverride":false,"name":"URL","ordinal":9,"type":"Text"},{"description":"","isHidden":false,"isInheritable":true,"isOverridable":true,"isNullable":true,"isPrimaryKey":false,"isReadOnly":false,"isTemplateField":false,"length":1024,"masktype":"None","mustOverride":false,"name":"LinkName","ordinal":10,"type":"Text"},{"description":"","isHidden":false,"isInheritable":true,"isOverridable":true,"isNullable":true,"isPrimaryKey":false,"isReadOnly":false,"isTemplateField":false,"length":2500,"masktype":"None","mustOverride":false,"name":"LinkContent","ordinal":11,"type":"Text"},{"description":"","isHidden":false,"isInheritable":true,"isOverridable":true,"isNullable":true,"isPrimaryKey":false,"isReadOnly":false,"isTemplateField":false,"masktype":"None","mustOverride":false,"name":"IsUnique","ordinal":12,"type":"Boolean"},{"description":"","isHidden":false,"isInheritable":true,"isOverridable":true,"isNullable":true,"isPrimaryKey":false,"isReadOnly":false,"isTemplateField":false,"length":36,"masktype":"None","mustOverride":false,"name":"TriggererSendDefinitionObjectID","ordinal":13,"type":"Text"},{"description":"","isHidden":false,"isInheritable":true,"isOverridable":true,"isNullable":true,"isPrimaryKey":false,"isReadOnly":false,"isTemplateField":false,"length":36,"masktype":"None","mustOverride":false,"name":"TriggeredSendCustomerKey","ordinal":14,"type":"Text"},{"description":"","isHidden":false,"isInheritable":false,"isOverridable":false,"isNullable":false,"isPrimaryKey":true,"isReadOnly":false,"isTemplateField":false,"masktype":"None","mustOverride":false,"name":"row_num","ordinal":15,"type":"Number"},{"description":"","isHidden":false,"isInheritable":false,"isOverridable":false,"isNullable":false,"isPrimaryKey":true,"isReadOnly":false,"isTemplateField":false,"length":50,"masktype":"None","mustOverride":false,"name":"timestamp","ordinal":16,"type":"Text"}]}}