{"issues":[],"originID":"bff87edb-e1bc-40f6-a76d-3495f02b504f","originEID":"mcffhzgppqw1sdnkwwqqhv6q4f-m","data":{"categoryId":"{{mcpm#/entities/categories/443732/data/id}}","description":"This automation runs 6 SQL queries that pull data from the data views for the past 7 days into 6 data extensions.","name":"Data Views","steps":[{"activities":[{"name":"{{mcpm#/entities/queryActivities/10dd428a-1765-4f35-8e5c-b385ca7ce7b0/data/name}}","activityObjectId":"{{mcpm#/entities/queryActivities/10dd428a-1765-4f35-8e5c-b385ca7ce7b0/data/id}}","objectTypeId":300,"displayOrder":0,"serializedObject":""}],"annotation":"","name":""},{"activities":[{"name":"{{mcpm#/entities/queryActivities/9032d2a5-2e1a-45ff-a08d-a4e39d708f13/data/name}}","activityObjectId":"{{mcpm#/entities/queryActivities/9032d2a5-2e1a-45ff-a08d-a4e39d708f13/data/id}}","objectTypeId":300,"displayOrder":0,"serializedObject":""}],"annotation":"","name":""},{"activities":[{"name":"{{mcpm#/entities/queryActivities/5e2724dd-6024-44f0-a45d-6af5768d908b/data/name}}","activityObjectId":"{{mcpm#/entities/queryActivities/5e2724dd-6024-44f0-a45d-6af5768d908b/data/id}}","objectTypeId":300,"displayOrder":0,"serializedObject":""}],"annotation":"","name":""},{"activities":[{"name":"{{mcpm#/entities/queryActivities/08b6d025-9e8a-4da5-ba91-7254596ba9db/data/name}}","activityObjectId":"{{mcpm#/entities/queryActivities/08b6d025-9e8a-4da5-ba91-7254596ba9db/data/id}}","objectTypeId":300,"displayOrder":0,"serializedObject":""}],"annotation":"","name":""},{"activities":[{"name":"{{mcpm#/entities/queryActivities/780156e8-8c94-42c7-9677-5588e7e99a46/data/name}}","activityObjectId":"{{mcpm#/entities/queryActivities/780156e8-8c94-42c7-9677-5588e7e99a46/data/id}}","objectTypeId":300,"displayOrder":0,"serializedObject":""}],"annotation":"","name":""}],"startSource":{"typeId":1}}}