{"issues":[],"originID":"08b6d025-9e8a-4da5-ba91-7254596ba9db","originEID":"mcffhzgppqw1sdnkwwqqhv6q4f-m","data":{"name":"Bounce_Data_View","categoryId":"{{mcpm#/entities/categories/443925/data/id}}","description":"This query pulls data from the _Bounce data view into a data extension.","isFrozen":false,"queryText":"SELECT\n    AccountID\n,   OYBAccountID\n,   JobID\n,   ListID\n,   BatchID\n,   SubscriberID\n,   SubscriberKey\n,   EventDate\n,   Domain\n,   IsUnique\n,   BounceCategoryID\n,   BounceCategory\n,   BounceSubcategoryID\n,   BounceSubcategory\n,   BounceTypeID\n,   BounceType\n,   SMTPBounceReason\n,   SMTPMessage\n,   SMTPCode\n,   TriggererSendDefinitionObjectID\n,   TriggeredSendCustomerKey\n,   IsFalseBounce\n,   ROW_NUMBER() OVER (PARTITION BY JobID,ListID,BatchID,SubscriberID,EventDate ORDER BY EventDate) as row_num\n,   CONVERT(varchar, EventDate, 121) as timestamp\nFROM _Bounce\nWHERE EventDate > DATEADD(DAY, -7,GETDATE())","targetId":"{{mcpm#/entities/dataExtensions/e72c14ae-5587-ef11-a5b4-5cba2c6fc8b8/data/id}}","targetUpdateTypeId":1,"targetUpdateTypeName":"Update"}}