{"issues":[],"originID":"10dd428a-1765-4f35-8e5c-b385ca7ce7b0","originEID":"mcffhzgppqw1sdnkwwqqhv6q4f-m","data":{"name":"Job_Data_View","categoryId":"{{mcpm#/entities/categories/443925/data/id}}","description":"This query pulls data from the _Job data view into a data extension.","isFrozen":false,"queryText":"SELECT\r\n    JobID\r\n,   EmailID\r\n,   AccountID\r\n,   AccountUserID\r\n,   FromName\r\n,   FromEmail\r\n,   SchedTime\r\n,   PickupTime\r\n,   DeliveredTime\r\n,   EventID\r\n,   IsMultipart\r\n,   JobType\r\n,   JobStatus\r\n,   ModifiedBy\r\n,   ModifiedDate\r\n,   EmailName\r\n,   EmailSubject\r\n,   IsWrapped\r\n,   TestEmailAddr\r\n,   Category\r\n,   BccEmail\r\n,   OriginalSchedTime\r\n,   CreatedDate\r\n,   CharacterSet\r\n,   IPAddress\r\n,   SalesForceTotalSubscriberCount\r\n,   SalesForceErrorSubscriberCount\r\n,   SendType\r\n,   DynamicEmailSubject\r\n,   SuppressTracking\r\n,   SendClassificationType\r\n,   SendClassification\r\n,   ResolveLinksWithCurrentData\r\n,   EmailSendDefinition\r\n,   DeduplicateByEmail\r\n,   TriggererSendDefinitionObjectID\r\n,   TriggeredSendCustomerKey\r\nFROM _Job\r\nWHERE CreatedDate > DATEADD(DAY, -7,GETDATE())","targetId":"{{mcpm#/entities/dataExtensions/e22c14ae-5587-ef11-a5b4-5cba2c6fc8b8/data/id}}","targetUpdateTypeId":1,"targetUpdateTypeName":"Update"}}