{"issues":[],"originID":"5e2724dd-6024-44f0-a45d-6af5768d908b","originEID":"mcffhzgppqw1sdnkwwqqhv6q4f-m","data":{"name":"Click_Data_View","categoryId":"{{mcpm#/entities/categories/443925/data/id}}","description":"This query pulls data from the _Click data view into a data extension.","isFrozen":false,"queryText":"SELECT\n    AccountID\n,   OYBAccountID\n,   JobID\n,   ListID\n,   BatchID\n,   SubscriberID\n,   SubscriberKey\n,   EventDate\n,   Domain\n,   URL\n,   LinkName\n,   LinkContent\n,   IsUnique\n,   TriggererSendDefinitionObjectID\n,   TriggeredSendCustomerKey\n,   ROW_NUMBER() OVER (PARTITION BY JobID,ListID,BatchID,SubscriberID,EventDate,URL ORDER BY EventDate) as row_num\n,   CONVERT(varchar, EventDate, 121) as timestamp\nFROM _Click\nWHERE EventDate > DATEADD(DAY, -7,GETDATE())","targetId":"{{mcpm#/entities/dataExtensions/e32c14ae-5587-ef11-a5b4-5cba2c6fc8b8/data/id}}","targetUpdateTypeId":1,"targetUpdateTypeName":"Update"}}