{"issues":[],"originID":"780156e8-8c94-42c7-9677-5588e7e99a46","originEID":"mcffhzgppqw1sdnkwwqqhv6q4f-m","data":{"name":"Unsubscribe_Data_View","categoryId":"{{mcpm#/entities/categories/443925/data/id}}","description":"This query pulls data from the _Unsubscribe data view into a data extension.","isFrozen":false,"queryText":"SELECT\n    AccountID\n,   OYBAccountID\n,   JobID\n,   ListID\n,   BatchID\n,   SubscriberID\n,   SubscriberKey\n,   EventDate\n,   Domain\n,   IsUnique\n,   ROW_NUMBER() OVER (PARTITION BY JobID,ListID,BatchID,SubscriberID,EventDate ORDER BY EventDate) as row_num\n,   CONVERT(varchar, EventDate, 121) as timestamp\nFROM _Unsubscribe\nWHERE EventDate > DATEADD(DAY, -7,GETDATE())","targetId":"{{mcpm#/entities/dataExtensions/e02c14ae-5587-ef11-a5b4-5cba2c6fc8b8/data/id}}","targetUpdateTypeId":1,"targetUpdateTypeName":"Update"}}