{"issues":[],"originID":"9032d2a5-2e1a-45ff-a08d-a4e39d708f13","originEID":"mcffhzgppqw1sdnkwwqqhv6q4f-m","data":{"name":"Open_Data_View","categoryId":"{{mcpm#/entities/categories/443925/data/id}}","description":"This query pulls data from the _Open data view into a data extension.","isFrozen":false,"queryText":"SELECT\n    AccountID\n,   OYBAccountID\n,   JobID\n,   ListID\n,   BatchID\n,   SubscriberID\n,   SubscriberKey\n,   EventDate\n,   Domain\n,   IsUnique\n,   TriggererSendDefinitionObjectID\n,   TriggeredSendCustomerKey\nFROM _Open\nWHERE EventDate > DATEADD(DAY, -7,GETDATE())","targetId":"{{mcpm#/entities/dataExtensions/e12c14ae-5587-ef11-a5b4-5cba2c6fc8b8/data/id}}","targetUpdateTypeId":1,"targetUpdateTypeName":"Update"}}